{
  "pen_phone_0": [
    [0.68419087, 0.21322933, 0.20214301, 0.27794766, "phone"],
    [0.39519686, 0.12835301, 0.15886122, 0.23978706, "pen"]
  ],
  "pen_phone_1": [
    [0.43620935, 0.14679484, 0.20026013, 0.23428302, "pen"],
    [0.71888125, 0.23042914, 0.2053358, 0.28696784, "phone"]
  ]
}
